CatalogusNr;Artiest;Titel;Jaar;Drager;Aantal Drager;DiscogsID;Genre;Label;Laatste update;In bezit
282;Trio Ben Lansink;Dansen Thuis Met Trio Ben Lansink Nr 1;1982;Vinyl - LP, Album;1;15957549;Pop;BLM;25-3-2026;JA
44006;Various;Truck-Stop Convoy 2;1971;LP;;1253338;Jazz, Big Band, Swing;Reprise Records;19-3-2026 15:24:15;JA
83703;Julio Iglesias;Emociones;;LP;1;11609245;Latin, Pop;Columbia;20-3-2026 19:25:34;JA
88575;Simon And Garfunkel;The Concert In Central Park;1986;LP;;1217659;Rock, Folk Rock, Classic Rock;Geffen Records;19-3-2026 14:59:01;JA
111025;Die Falkenauer Musikanten;Egerländer Musikanten;;LP;1;11487101;Folk, World, & Country;Europa;20-3-2026;JA
251008;Kinderkoor Jacob Hamel;Zingen Bij De Kerstboom;1992;LP;1;6265018;Children's, Folk, World, & Country;CNR;20-3-2026;JA
280718;Het Fries Jeugdkoor, Meindert Bosklopper;50 Beste Kinderliedjes Deel 2;0;CD - Album;1;4727748;Pop, Children's;Not On Label (Het Fries Jeugdkoor Self-released);26-3-2026 15:48:00;JA
302200;Lee Towers;In Concert;1983;Vinyl - LP, Stereo;2;1571111;Pop;Ariola;25-3-2026 16:55:00;JA
302946;Various;Pop Classics;1987;Vinyl - LP, Compilation, Stereo;2;1616368;Electronic, Rock, Pop;EVA, EVA Odeon;25-3-2026 16:46:00;JA
302946; Various;Pop Classics;1987;LP;2;30738547;Rock;EVA;20-3-2026 22:58:14;JA
385201;Various;Remember Hits Of The Sixties;;LP;1;4776848;Pop;Buddah Records;20-3-2026 22:36:38;JA
440751;Ennio Morricone;Het Gebeurde In Het Westen;1975;Cassette - Album, Reissue, Stereo;1;31176508;Electronic, Stage & Screen;RCA Victor;25-3-2026 15:30:00;JA
538113;Various;De Daverende Dertien Carnaval;1978;Vinyl - LP, Compilation;1;3862519;Pop;CNR;25-3-2026 15:00:00;JA
657563;The Sunstreams;The Sunstreams;1979;LP;;3306458;Pop, Schlager;CNR;19-3-2026 13:06:22;JA
660030;de Kermisklanten;Speel mee met e Kermisklanten;1979;LP;1;2315897;Folkld, & Country;CNR;20-3-2026;JA
773003;Gert & Hermien;Successen van Gert en Hermien Timmerman;0;Vinyl - LP, Compilation;1;9789162;Folk, World, & Country;CNR;25-3-2026 16:26:00;JA
1994202;Various;Megapopclassics;1994;CD - CDi, Compilation;1;696067;Electronic, Rock, Pop;Stichting CPG, Stichting CPG;25-3-2026 18:37:00;JA
2001657;Bassie & Adriaan;60 Liedjes Uit Grootmoeders Tijd;1994;CD - Album;1;1981813;Children's;CNR Music;26-3-2026 15:49:00;JA
2002460;Bassie & Adriaan;60 Liedjes Uit Grootmoeders Tijd Deel 2;1996;CD -;1;7748194;Children's;CNR Music;26-3-2026 16:14:00;JA
2051571;Annie M.G. Schmidt;Jip En Janneke 2 - Verhaaltjes Van Annie M.G. Schmidt;0;CD -;1;8546663;Children's;Circle Records (3), Circle Records (3);26-3-2026 15:49:00;JA
2344120;Jean Michel Jarre;Equinoxe;1978;LP;;5147573;Electronic, Experimental, Ambient, Synth-pop;Polydor;19-3-2026 13:26:00;JA
6298751;Smokie;Greatest Hits;1977;LP;;15995411;Rock, Pop Rock;RAK;19-3-2026 15:00:22;JA
7860004;Various;Top 40 Dossier 2000;2000;CD - CD-ROM;1;16018705;Hip Hop, Jazz, Rock, Reggae, Latin, Funk / Soul, Blues, Non-Music, Pop, Classical, Brass & Military, Children's, Folk, World, & Country, Stage & Screen;Lost Boys Interactive B.V.;25-3-2026 18:57:00;JA
7956382;Various;Het Beste Uit De Top 40 Van '90;1990;CD - Compilation;2;451003;Electronic, Hip Hop, Rock, Pop;EVA;25-3-2026 18:47:00;JA
50551317;Simply Red;Home;0;CD - Album, Limited Edition;1;19751761;Electronic, Pop;simplyred.com;25-3-2026 18:42:00;JA
92740305;Various;Top 40 Hitdossier 1985-1986;2001;CD - Compilation;2;1849286;Electronic, Rock, Pop;Warner Strategic Marketing Benelux;25-3-2026 19:24:00;JA
92740306;Various;Top 40 Hitdossier 1987-1988;2001;CD - Compilation;2;750368;Electronic, Hip Hop, Funk / Soul, Pop;Warner Strategic Marketing Benelux;25-3-2026 19:24:00;JA
92740307;Various;Top 40 Hitdossier 1989-1990;2001;CD - Compilation;2;2049559;Electronic, Hip Hop, Rock, Reggae, Funk / Soul, Pop;Warner Strategic Marketing Benelux;25-3-2026 19:25:00;JA
92740308;Various;Top 40 Hitdossier 1991-1992;2001;CD - Compilation;2;3716017;Electronic, Rock, Pop;Warner Strategic Marketing Benelux;25-3-2026 19:26:00;JA
92740309;Various;Top 40 Hitdossier 1993-1994;2001;CD - Compilation;2;1095842;Electronic, Hip Hop, Rock, Reggae, Pop;Warner Strategic Marketing Benelux;25-3-2026 19:26:00;JA
92740310;Various;Top 40 Hitdossier 1995-1996;2001;CD - Compilation;2;3711243;Electronic, Rock, Pop;Warner Strategic Marketing Benelux;25-3-2026 19:26:00;JA
92740311;Various;Top 40 Hitdossier 1997-1998;2001;CD - Compilation;2;3406087;Electronic, Rock, Pop;Warner Strategic Marketing Benelux;25-3-2026 19:27:00;JA
8711638874421;Jean-Pierre Danel;The Best Of The Guitar Legends - The All-Time Guitar Favorites;1998;CD - Compilation;3;35464642;Rock, Blues, Pop, Stage & Screen;Puzzle Productions, Galaxy Music;25-3-2026 18:18:00;JA
 9199 089;De Havenzangers;Aan Het Strand Stil En Verlaten;1977;LP;1;2722797;Folk, World, & Country;Philips;20-3-2026 22:14:42;JA
01 336161;Various;The Christmas Collection - Volume 1;1988;CD - Compilation;1;3940668;Pop;Arcade;25-3-2026 19:06:00;JA
038 CRY 04000;Deep Purple;The Book Of Taliesyn;1983;LP;;1725213;Rock, Prog Rock, Psychedelic Rock;Harvest;19-3-2026 13:22:47;JA
058-26650;Drukwerk;Drukwerk;1981;LP;;24735638;Pop;EMI;19-3-2026 13:28:15;JA
062-95739;Mud;Mud Rock;1974;LP;1;36541666;Rock;RAK;20-3-2026 19:33:59;JA
0630 16575;Simply Red;Greatest Hits;1996;CD - Compilation, Stereo;1;565324;Funk / Soul, Pop;EastWest;25-3-2026 18:42:00;JA
0630-12069;Simply Red;Life;1995;Vinyl - LP, Album;1;5433294;Electronic, Rock;EastWest;25-3-2026 19:47:00;JA
08-022867-20;Club J;Rock & Roll Disco;1984;LP;;4323684;Rock, Rock & Roll, Instrumental;Bridge;19-3-2026 14:57:49;JA
08-22211;Various;Internationaal Stemmenscala;1983;LP;8;32229864;Jazz, Pop, Folk, World, & Country;Reader's Digest;24-3-2026 17:50:43;JA
0946 3830422 7;Toppers;Kerst Met De Toppers;2006;CD - Album;1;863637;Pop;EMI;26-3-2026 16:22:00;JA
10 21972-0;The Blackforest Oldtimer;Tanz In Der Schwarzwaldmühle;1974;Vinyl - LP, Album, Stereo;1;8676060;Folk, World, & Country;BASF, Cornet;25-3-2026 14:53:00;JA
109 139-2;Various;Deutsche Schlagerjuwelen 1960-1969;2001;CD - Compilation;4;25819390;Pop;Universal Marketing Group;25-3-2026 17:17:00;JA
11965 tl;Various;Allemaal Hollands *3*;1977;LP;1;16797180;Rock, Pop, Folk, World, & Country;Telstar (2);20-3-2026 22:35:55;JA
12.534 rl;Various;Glück Auf !;1977;LP;1;8330762;Folk, World, & Country;Telstar (2);20-3-2026 21:24:07;JA
12540 RL;De Vrolijke Schuinmarcheerders;Op De Schuine Toer;1977;LP;1;6850670;Pop;Ojee;20-3-2026 22:46:19;JA
158-2607793;Various;Now This Is Music 3;1985;LP;;405373;Electronic, Rock, Pop Rock, Synth-pop;EMI;19-3-2026 15:07:49;JA
158-2610003;Various;Now This Is Music 4;1986;LP;;120438;Electronic, Rock, Reggae, Pop, Europop, Pop Rock, Synth-pop;EVA;19-3-2026 15:08:20;JA
160.004.1;Kannela;Con Todo;1989;LP;1;24294587;Latin;Fonocaribe;20-3-2026 21:44:39;JA
19922 TL;Henk Wijngaard;De Henk Wijngaard Show;1979;LP;;19824523;Folk, World, & Country;Telstar;19-3-2026 13:23:42;JA
1993 102;Various;De Nationale Voorjaars CD 1993;1993;CD - Compilation, Promo;1;13186382;Rock, Pop;Stichting CPG;25-3-2026 18:38:00;JA
1a 062-06603;Kate Bush;The Kick Inside;0;Vinyl - LP, Album, Reissue;1;15702155;Rock, Pop;EMI;25-3-2026 15:20:00;JA
1A 062-94837;Deep Purple;Burn;;LP;;1858874;Rock, Hard Rock;Purple Records;19-3-2026 13:27:26;JA
1A 438-26421;Various;The Best Of The 70's;1979;LP;;19559608;Electronic, Rock, Reggae, Funk / Soul, Pop, Disco, Synth-pop, Reggae-Pop;EMI;19-3-2026 15:38:30;JA
1A022-58080;The Beach Boys;The Beach Boys;1981;LP;1;1506787;Pop, Rock;Music For Pleasure;20-3-2026 22:05:08;JA
1A046-26926;The Cats;The Story Of The Cats;1983;LP;;1228736;Rock, Pop, Pop Rock;EMI;19-3-2026 13:25:15;JA
1AK-262-26629;Various;Herinnert U Zich Deze Nog ?;1981;LP;1;7742934;Rock;Columbia;20-3-2026 23:09:50;JA
200 333-315;Gheorghe Zamfir;The Best Of;1979;Vinyl - LP, Compilation, Stereo;1;9091986;Folk, World, & Country;Ariola;25-3-2026 15:29:00;JA
208 676-630;Johnny Hates Jazz;Turn Back The Clock;1988;Vinyl - LP, Album, Stereo;1;503750;Electronic, Rock;Virgin, Virgin;25-3-2026 15:24:00;JA
21030 TL;Henk Wijngaard;Als Chauffeur Ben Ik Geboren;1981;LP;;17414551;Folk, World, & Country;Telstar;19-3-2026 13:24:22;JA
2311 075;Jean Michel Jarre;Magnetic Fields;1985;LP;;3437873;Electronic, Synth-pop, Ambient;Polydor;19-3-2026 13:26:52;JA
2340 116;ABBA;The Best Of ABBA;1976;LP;;13589379;Rock, Pop, Pop Rock, Disco;Polydor;19-3-2026 15:43:26;JA
2371 709;Fischer Chöre;Die Schönsten Weihnachtslieder;;LP;;3120458;Classical, Folk, World, & Country, Folk, Choral, Religious, Holiday;Polydor;19-3-2026 13:06:07;JA
2371 786;James Last;Non Stop Dancing 1977/2;1977;Vinyl - LP, Album, Mixed;1;5091856;Jazz, Rock, Funk / Soul, Pop;Polydor;25-3-2026 16:32:00;JA
240 356-1;Normaal;De Klok Op...Rock;1984;LP;;181127;Rock, Pop;WEA;19-3-2026 15:57:14;JA
2418 189;Various;Trumpet Non Stop;;LP;;7130397;Jazz, Pop, Folk, World, & Country, Easy Listening;Polydor;19-3-2026 13:16:16;JA
2437 663;Fischer Chöre;1000 Stemmen Zingen Voor U 28 Beroemde Melodieën;;LP;2;7012969;Pop, Classical, Folk, World, & Country, Stage & Screen;Polydor;20-3-2026 22:49:27;JA
2442 160;The Hollies;Five Three One;1979;LP;;292904;Rock, Pop;Polydor;19-3-2026 15:01:42;JA
2454 005;Pete Colley;Hammond In Super Stereo;;LP;1;1986109;Jazz, Pop;Polydor;20-3-2026 22:35:06;JA
2479 139;Bee Gees;Main Course;1975;LP;1;2399280;Rock, Pop;RSO;20-3-2026 19:16:22;JA
2479 175;Bee Gees;Best Of Bee Gees;;LP;1;25541419;Rock, Pop;RSO;20-3-2026 22:04:36;JA
2484 050;Various;Heet Van De Naald (12 Internationale Hits);;LP;1;15099628;Pop;Polydor;20-3-2026 22:14:16;JA
2495 047;Olga Lowina;Hoog Op De Alpen;1973;Vinyl - LP, Album, Stereo;1;4315082;Pop, Folk, World, & Country;Karussell;25-3-2026 15:16:00;Ja
250 716-1;The Andrews Sisters;The Best Of The Andrews Sisters;1976;LP;;2869402;Jazz, Pop, Big Band, Vocal, Swing, Easy Listening;MCA Records;19-3-2026 15:44:20;JA
2534.60;Various;De 1983 Superhits;1983;LP;;966540;Rock, Reggae, Pop, Pop Rock, Reggae-Pop;EMI;19-3-2026 15:09:52;JA
26 026 OT;Boney M.;Nightflight To Venus;1978;LP;;795289;Funk / Soul, Pop, Disco;Hansa International;19-3-2026 13:20:32;JA
2674 007;Bee Gees;Best;1973;LP;2;1322110;Rock, Pop;Karussell;20-3-2026 22:52:34;JA
2675 230;James Last;Wereldsuccessen;1982;Vinyl - LP, Compilation;2;1755357;Jazz, Funk / Soul, Pop, Classical;Polydor;25-3-2026 15:10:00;JA
27 035 XMT;Peter Frampton;Frampton Comes Alive!;1976;LP;2;26818655;Rock;A&M Records;20-3-2026 19:34:30;JA
288 888 OT;Boney M.;Love For Sale;1977;LP;;1284599;Funk / Soul, Pop, Disco;Hansa Record;19-3-2026 13:20:10;JA
29.980032.20;Various;Toppers On Train Tour;1986;LP;;9136120;Jazz, Rock, Pop, Folk, World, & Country;CBS Special Products;19-3-2026 15:09:01;JA
3215 027;Bee Gees;All Time Greatest Hits;1977;LP;1;869472;Electronic, Rock, Pop;RSO;20-3-2026 22:03:56;JA
33CSX 9;The Golden Gate Quartet;Negro Spirituals;1973;LP;1;9006359;Folk, World, & Country;Columbia;20-3-2026 22:02:59;JA
38-26608/9;Various;Het Beste Uit De Top 40 Van Het Jaar;1980;LP;;970249;Rock, Funk / Soul, Pop, Europop, Pop Rock, Disco;EMI;19-3-2026 15:11:49;JA
450227 1;Bruce Springsteen & The E-Street Band;Live 1975-85;1986;LP;5;524230;Rock;CBS;24-3-2026 13:58:45;JA
46 209;Various;50 years of Popmusic;2002;LP;;11289791;Reggae, Roots Reggae, Reggae;Reader's Digest;19-3-2026 19:23:57;JA
463044 2;Meat Loaf;Bat Out Of Hell;0;CD - Album, Reissue;1;24054317;Rock;Epic, Epic, Cleveland International Records;25-3-2026 18:41:00;JA
465843 2;The Nits;Urk;1989;CD - Album;2;10084538;Rock;CBS, CBS;25-3-2026 18:49:00;JA
501266 2;Various;Back To The 80's Pop & Wave (De Hits Uit De Jaren '80);2001;CD - Compilation;3;525512;Electronic, Hip Hop, Rock, Funk / Soul, Pop, Stage & Screen;Sony Music Media;25-3-2026 18:25:00;Ja
50DA 315;Bruce Baxter Orchestra;50 Popular TV Themes;1977;LP;;28637149;Stage & Screen, Theme;Pickwick Records;19-3-2026 15:00:43;Ja
520 800-2;Various;Top 40 Hitdossier 1969-1970;2001;CD - Compilation;2;3706901;Rock, Funk / Soul, Pop, Folk, World, & Country;Universal TV;25-3-2026 19:42:00;JA
533 675-2;The Rubettes;The Rubettes;1997;CD - Compilation;1;5387068;Pop;Polydor;25-3-2026 17:27:00;Ja
557 818-2;Various;Nieuw Nederlands Peil;1998;CD - Compilation;1;492904;Rock, Pop;PolyGram TV;25-3-2026 19:46:00;Ja
568 108-2;Elton John;Something About The Way You Look Tonight / Candle In The Wind 1997;1997;CD - Single;1;8888324;Rock, Pop;Mercury, The Rocket Record Company;25-3-2026 18:29:00;JA
585 895-2;Various;While My Guitar Gently Weeps;2001;CD - Compilation;2;6669816;Jazz, Rock, Blues, Pop;Universal;25-3-2026 18:48:00;JA
5C 058-25660;Fons Jansen;Fons Op Z'n Best;1977;LP;1;3441232;Non-Music, Stage & Screen;EMI Holland;20-3-2026 19:17:47;JA
5C 062-85759;Dr. Hook;Pleasure & Pain;1978;LP;;1066316;Rock, Soft Rock, Pop Rock;Capitol Records;19-3-2026 15:50:07;JA
5C 062-97530;Ike & Tina Turner;Greatest Hits;1976;LP;1;1170994;Rock, Funk / Soul;United Artists Records;20-3-2026 19:24:06;JA
5C 064.25567X;Various;Hit Explosion Vol. 7 Original Hits;1977;LP;1;3137710;Pop;EMI;20-3-2026 19:37:18;JA
5C 138-24565;Fons Jansen;De Lachende Kerk;1978;LP;2;10564405;Non-Music;Bovema Negram;20-3-2026 21:24:41;JA
5C 138-26000;Various;40 Rock And Roll Million Sellers;1978;LP;2;22005694;Rock;EMI;20-3-2026 19:03:17;JA
5C 152-85750;The Beach Boys;Bests 40 Greatest Hits;1974;LP;;4162007;Rock, Pop, Folk Rock, Surf;Capitol Records;19-3-2026 15:48:30;JA
5C 184-05307;The Beatles;1962-1966;1973;LP;;7743544;Rock, Beat;Apple Records;19-3-2026 15:51:31;Ja
5C 184-05309;The Beatles;1967-1970;1973;LP;;22650803;Rock, Rock & Roll, Pop Rock;Apple Records;19-3-2026 15:51:28;Ja
5C 188-25269;Fons Jansen;Kwartetten;1975;Vinyl - LP, Album, Stereo;2;25302520;Non-Music, Stage & Screen;EMI Holland, EMI, EMI Holland, EMI Holland;25-3-2026 14:54:00;Ja
5C054.24 996;Robert Long;Vroeger Of Later;;LP;;32313585;Folk, World, & Country;Imperial;19-3-2026 15:03:20;Ja
5C062-25175;The Cats;Hard To Be Friends;1975;LP;;9303743;Rock, Pop, Country Rock, Ballad;EMI;19-3-2026 13:24:49;Ja
5C062-98181;Deep Purple;Made In Europe;1976;LP;;662511;Rock, Hard Rock;Purple Records;19-3-2026 13:23:08;Ja
6.22446 as;Klaus Wunderlich;Klaus Wunderlich Speelt Voor U (28 Wereldbekende Melodieën);1975;Vinyl - LP, Album, Stereo;1;7908480;Jazz, Pop;Telefunken;25-3-2026 17:25:00;Ja
6.30118 Hz;The Rolling Stones;The Rolling Stones Story;1980;LP;12;8846488;Rock;Decca;24-3-2026 17:47:29;Ja
63 070;Elvis Presley;20 Fantastic Hits;1975;LP;;2347800;Rock, Rock & Roll;RCA Victor;19-3-2026 14:55:48;Ja
6302 183;Dr. Hook;Players In The Dark;1982;Vinyl - LP, Album;1;12466772;Rock;Mercury, Fálkinn;25-3-2026 15:25:00;Ja
6325 021;Démis Roussos;Forever And Ever;;LP;;10749658;Rock, Pop, Europop, Ballad;Philips;19-3-2026 13:07:02;Ja
6333 007;Aphrodite's Child;Greatest Hits;0;Vinyl - LP, Compilation;1;13284346;Rock;Mercury;25-3-2026 14:50:00;Ja
6343 030;Malando And His Tango Orchestra;Malando's Favoriete Tango's;;LP;1;3359198;Latin;Fontana;20-3-2026 21:49:59;Ja
6413 509;Earth And Fire;Reality Fills Fantasy;1979;LP;;7553287;Rock, Pop, Europop, Symphonic Rock;Vertigo;19-3-2026 13:28:40;Ja
6423 445;De Havenzangers;Alle Hens Aan Dek;1981;LP;1;1238420;Folk, World, & Country;Philips;20-3-2026 22:13:37;Ja
6428 047;Various;Hits Voor Zomaar Een Zomeravond;1972;LP;1;30461774;Jazz, Pop, Stage & Screen;Fontana;20-3-2026 23:04:32;Ja
6436 031;Various;Alle 13 Goed! Deel 8;1975;Vinyl - LP, Compilation, Stereo;1;1299861;Electronic, Rock, Funk / Soul, Pop;Philips;25-3-2026 16:31:00;Ja
6436 059;Various;Alle 13 Goed! Deel 9;1975;LP;;2376754;Rock, Funk / Soul, Pop, Disco, Pop Rock, Ballad, Schlager;Philips;19-3-2026 15:43:51;Ja
6440 170;De Twee Pinten;Als Ik Jou Kus - Zwaaien En Zwieren Met De Twee Pinten;;LP;1;14171864;Pop;Philips;20-3-2026 22:47:02;Ja
6440 976;Harmonica Duo K. Schriebl / J. Hupperts;Bal Met Schriebl & Hupperts;;LP;1;15559257;Pop;Philips;20-3-2026 22:03:19;Ja
6454 037;The Moody Blues;The Beginning;1973;LP;;1643197;Rock, Pop Rock, Rhythm & Blues;Decca;19-3-2026 15:03:36;Ja
652Y-7 95673 2;Various;The Finest Masterpieces In Pop & Rock;0;CD - Compilation, Reissue, Stereo;3;35583349;Jazz, Rock, Funk / Soul, Pop;EMI Germany, EMI Germany, EMI Germany;25-3-2026 19:36:00;Ja
6601 006;Various;30 Hollandse Hits Van Toen 2;1980;LP;;4022562;Pop, Folk, World, & Country;Philips;19-3-2026 15:39:41;Ja
6629 014;Wim Sonneveld;Het Beste Van Wim Sonneveld;1978;LP;2;1269609;Non-Music, Pop, Children's, Folk, World, & Country, Stage & Screen;Philips;20-3-2026 22:54:13;Ja
6641 341;Various;Dat Zijn Leuke Dingen Voor De Mensen!;1975;LP;2;1057012;Non-Music, Pop;Polystar (3);20-3-2026 22:53:44;Ja
6641 605;Boudewijn de Groot;Het Beste Van Boudewijn;1976;LP;;23787137;Rock, Pop, Folk Rock, Pop Rock;Philips;19-3-2026 15:43:07;Ja
6641 818 35;Boudewijn de Groot;Boudewijn de Groot - Vijf Jaar Hits / Deel 1 & 2;1977;CD;2;3978381;Rock, Pop;Philips;25-3-2026 19:00:00;Ja
6645 008;Mantovani;Wereldsuccessen - De 30 Mooiste Melodieën;1977;LP;2;3572868;Pop, Classical, Folk, World, & Country, Stage & Screen;Decca;20-3-2026 19:33:03;Ja
6645 407;The Rolling Stones;Stones Story;;LP;;412456;Rock, Blues, Rock & Roll, Rhythm & Blues, Blues Rock, Classic Rock;Decca;19-3-2026 14:59:58;Ja
6677 067;Various;30 Hollandse Hits Van Toen;1973;LP;;2499957;Pop;Philips;19-3-2026 15:39:20;Ja
6678 020;Various;Dat Zijn Leuke Liedjes Voor De Mensen;1976;LP;2;3918715;Stage & Screen;Philips;20-3-2026 23:11:17;Ja
6745 009;Wiener Philharmoniker;Strauss Concert In Wenen (Het Allermooiste Uit 25 Nieuwjaarsconcerten);1979;LP;2;22482251;Classical, Folk, World, & Country;Decca;20-3-2026 22:01:02;Ja
6802-908;Unknown Artist;Studio Presenteert: Populaire Melodieën;;LP;1;8203171;Latin, Folk, World, & Country;Studio (8);20-3-2026 19:32:36;Ja
6870 571;Nana Mouskouri;White Rose Of Athens;;LP;1;12965446;Folk, World, & Country;Contour;20-3-2026 19:26:38;Ja
6878 067;Various;The Phil Spector Collection;1980;LP;1;972754;Rock, Funk / Soul, Pop;Polydor;20-3-2026 21:43:39;Ja
6878 077;Various;Hard Rock Live;1982;LP;;2863021;Rock, Hard Rock;Polydor;19-3-2026 16:05:46;Ja
69 340;Various;Lustige Musikanten - Klingender Hausschatz Deutscher Volksmusik;1973;LP;5;20537308;Pop, Brass & Military, Folk, World, & Country;Marcato;24-3-2026 17:44:22;Ja
7 46033;Queen;Greatest Hits;1992;CD - Compilation, Stereo;1;15510915;Rock;EMI, Parlophone;25-3-2026 17:25:00;Ja
7243 5 55089;Vanessa-Mae;The Violin Player;1995;CD - Album, Club Edition, Promo;1;35190619;Electronic, Rock, Classical;Angel Records, EMI;25-3-2026 18:48:00;Ja
7243 5402242 5;The Cats;Greatest Hits;2002;CD - Compilation;1;1253839;Rock;EMI, EMI;25-3-2026 19:28:00;Ja
72438 39067 27;Meat Loaf;Bat Out Of Hell II: Back Into Hell;0;CD - Album;1;15448770;Rock;Virgin, Virgin, Virgin, Virgin;25-3-2026 18:53:00;Ja
7419 UL;Various;16 X Feest 7;1976;LP;1;6930063;Pop;Uniek;20-3-2026 19:30:09;Ja
74321 380142;Various;Car Classics;1996;CD - Compilation;3;2865821;Rock, Blues;EVA;25-3-2026 18:36:00;Ja
74321 929732;K3;Tele-Romeo;2002;CD - Album, Limited Edition;2;3344740;Pop, Children's;Niels William, BMG Belgium NV/SA;25-3-2026 19:18:00;Ja
814 220-1;Berdien Stenberg;Rondo Russo;1983;Vinyl - LP, Album;1;1633102;Electronic, Classical;Philips;25-3-2026 15:23:00;Ja
821 587-1;James Last;Trumpet Ŕ Gogo ;1984;Vinyl - LP;1;6227437;Jazz;Polydor;25-3-2026 15:12:00;Ja
82876 86987;Various;De 100 Grootste Jaren 70 Hits;2006;CD - Compilation;5;2070457;Rock, Pop;Sony BMG Music Entertainment;25-3-2026 18:46:00;Ja
830 372-1;BZN;Heartbreaker;1986;Vinyl - LP, Album, Stereo;1;26346488;Pop;Mercury;25-3-2026 14:54:00;Ja
830 927-1;BZN;Live 20 Jaar;1987;Vinyl - LP, Album, Repress;2;25535524;Pop;Mercury;25-3-2026 14:54:00;Ja
845 164-2;Various;Tour Of Duty;1990;CD - Compilation;1;455622;Rock;Magnum;25-3-2026 18:45:00;Ja
85 655 HT;Udo Jürgens;Meine Welt;;LP;1;5460028;Pop;Ariola;20-3-2026 19:25:55;Ja
873 003 UBY;Ekseption;Ekseption;1969;LP;;3711966;Rock, Classic Rock;Philips;19-3-2026 13:31:20;Ja
88 222 GT;Various;Super 20;1974;Vinyl - LP, Compilation, Stereo;1;702705;Pop;Ariola;25-3-2026 16:35:00;Ja
89 058 gt;Various;Die 20 Deutschen Top-Hits - 3. Ausgabe Ungekürzt;1975;Vinyl - LP, Compilation;1;3515079;Rock, Funk / Soul, Pop;Hansa, Hansa;25-3-2026 15:24:00;Ja
9031 75284 2;Simply Red;Stars;1991;CD - Album;1;460741;Funk / Soul, Pop;EastWest;25-3-2026 18:43:00;Ja
911 153;James Last;Käpt'n James Bittet Zum Tanz;1968;LP;1;4631513;Pop;Polydor;20-3-2026 21:52:40;Ja
925 471-2;Fleetwood Mac;Tango In The Night;1987;CD - Album;1;5356982;Rock;Warner Bros. Records;25-3-2026 18:54:00;Ja
926 034-2;Rod Stewart;The Best Of Rod Stewart;0;CD - Compilation, Reissue;1;11190555;Rock, Pop;Warner Bros. Records, Stiefel Phillips Entertainment;25-3-2026 18:52:00;Ja
9362-46702-2;Fleetwood Mac;The Dance;1997;CD - Album;1;8225447;Rock, Pop;Reprise Records;25-3-2026 19:48:00;Ja
9548-33587-2;Various;Nachtwacht;1995;CD - Compilation;1;1118109;Rock, Funk / Soul, Pop;Magnum, TROS;25-3-2026 19:31:00;Ja
abcd 30101-2;Various;De 100 Mooiste Love Songs Uit 30 Jaar Candlelight;1998;CD - Compilation;4;6346657;Pop, Folk, World, & Country;ABCD;25-3-2026 18:59:00;Ja
ADE H 15;Various;20 Country Greats;1975;LP;1;5338463;Folk, World, & Country;Arcade Records (3);20-3-2026 19:19:39;Ja
ADE H23;Johnny Cash;The Best Of Johnny Cash;1977;LP;;1120268;Rock, Country Rock;Arcade Records;19-3-2026 15:02:47;Ja
ADE H52;Various;Golden Pop Instrumentals;1980;LP;;4792999;Electronic, Funk / Soul, Blues, Pop, Electro;Villa;19-3-2026 15:02:09;Ja
ADEH 129;The Everly Brothers;Reunion Concert (Recorded Live At The Albert Hall September 23rd 1983);1983;LP;;2233409;Rock, Pop, Rock & Roll, Soft Rock, Ballad;Arcade;19-3-2026 14:56:51;Ja
ADEH 162;Various;Now This Is Music;1984;LP;;411486;Electronic, Rock, Pop Rock, Synth-pop;EMI;19-3-2026 15:07:19;Ja
ADEH 166;Status Quo;The Complete Hitalbum;1985;LP;;1414255;Rock, Rock & Roll, Hard Rock, Pop Rock, Classic Rock;Arcade;19-3-2026 16:08:15;Ja
ADEH 195;Various;One More Night (28 Exclusive Popsongs);1985;LP;;4380204;Rock, Pop, Pop Rock, Ballad;Arcade;19-3-2026 14:57:22;Ja
ADEH 209;Various;De Allergrootste Zomerhits;1986;LP;;3923221;Latin, Funk / Soul, Pop, Salsa, Chanson, Ballad, Disco;Arcade;19-3-2026 16:09:02;Ja
adeh 311;Various;Love Hurts - 28 Romantic Popsongs;1983;Vinyl - LP, Compilation;2;852997;Rock, Pop;Arcade;25-3-2026 15:26:00;Ja
ADEH 58;The Shadows;20 Greatest Hits;;LP;;648013;Rock, Rock & Roll;Imperial;19-3-2026 15:05:05;Ja
adeh 89;Various;Remember The 60's (Volume 1);1983;Vinyl - LP, Compilation;2;13982855;Rock;Arcade Crown, Arcade Villa, Arcade Villa;25-3-2026 14:56:00;Ja
ADEH 91;Frankie Laine;The World Of Frankie Laine;1982;LP;;13003606;Folk, World, & Country, Country;Arcade;19-3-2026 13:19:38;Ja
adehcd 827;Various;Christmas Love Songs;1986;CD - Compilation;1;4519753;Jazz, Pop, Classical, Folk, World, & Country;Arcade;25-3-2026 19:14:00;Ja
AMLM 66702;Supertramp;Paris;1980;LP;2;1414049;Rock;A&M Records;20-3-2026 22:45:07;Ja
an 8211;De Mastreechter Staar;Proficiat Mastreechter Staar - Uw Favoriete Wensconcert;1983;Vinyl - LP, Compilation;2;6359408;Classical;Arrival Records;25-3-2026 14:57:00;Ja
as 53051;Eagles;Hotel California;1976;LP;;10779890;Rock, Classic Rock, Country Rock;Asylum Records;19-3-2026 13:17:20;Ja
ATL 20 023;Various;That’s Soul;0;Vinyl - LP, Compilation, Reissue, Stereo;1;13248223;Funk / Soul;Atlantic;25-3-2026 14:56:00;Ja
B 64 005 BO 1;Various;Favorieten Express;1980;LP;;9195972;Pop;Reader's Digest;19-3-2026 16:30:47;Ja
B65205 DB1;Various;Muzikale Herinneringen Aan De Jaren '40;1989;LP;8;30086574;Jazz, Pop, Stage & Screen;Reader's Digest Music;24-3-2026 18:53:54;Ja
BL 3274;Galt MacDermot;Hair (Original Soundtrack Recording);1979;LP;;3352198;Jazz, Rock, Funk / Soul, Pop, Stage & Screen, Soundtrack, Country Rock, Pop Rock, Soul, Easy Listening;RCA Victor;19-3-2026 13:19:20;Ja
BLM 379;De Mölnblaozers;Draaiende Wieken. De Möl´n Blaoskapel o.l.v. W. Loff;1985;LP;1;22519157;Folk, World, & Country;BLM;20-3-2026 21:25:42;Ja
BR 101A-1E A1AC;Various;The Big Beat;1993;LP;2;Niet gevonden;Rock;Breaking Records (7);20-3-2026 22:39:57;Ja
c048-50 702;The Beach Boys;Good Vibrations;0;Vinyl - LP, Compilation, Reissue;1;23084402;Rock;Emidisc (2), Emidisc (2);25-3-2026 14:49:00;Ja
CBS 53089;Various;The Day The Music Died;1979;LP;;1069730;Jazz, Rock, Non-Music, Pop, Stage & Screen, Special Effects, Easy Listening;CBS;19-3-2026 15:27:45;Ja
CBS 84549;Adam And The Ants;Kings Of The Wild Frontier;1980;LP;;14157093;Rock, Pop, New Wave, Post-Punk;Epic;19-3-2026 13:21:38;Ja
CD 32588;Ellen Foley;Nightout;1990;CD - Album;1;4137384;Rock;Epic;25-3-2026 18:28:00;Ja
CDX96000;Jeff Wayne;The War Of The Worlds;1995;CD - Album, Reissue, Remastered, Stereo;2;192473;Electronic, Rock;Columbia, Columbia;25-3-2026 19:51:00;Ja
cn 0141;Various;Pasar Malam;1980;LP;1;2131239;Pop, Folk, World, & Country;Common Wealth Records;20-3-2026 21:50:40;Ja
CP 510-H;George Victor;Hammond A Gogo;;LP;1;4743543;Jazz, Folk, World, & Country;Capriola (2);20-3-2026 19:35:15;Ja
cpg 1989006;Various;Warm Aanbevolen Uit 25 Jaar Top 40;1989;CD - Compilation;1;694496;Electronic, Rock, Reggae, Pop;Stichting CPG, Stichting CPG;25-3-2026 18:53:00;Ja
cpg 1999012;Various;Het Muziekkado;1999;CD - Album;1;681666;Rock, Pop;Stichting CPG, Stichting CPG;25-3-2026 18:40:00;Ja
csps 812;Various;A Christmas Gift;1974;LP;1;7312013;Pop, Folk, World, & Country;Ronco;20-3-2026 21:47:47;Ja
d84002dd;Various;The Number One Collection;1984;LP;8;10817418;Pop;Reader's Digest;24-3-2026 13:50:33;Ja
ddj 6006;De Kilima Hawaiians;40 Jaar Kilima Hawaiians;1976;Vinyl - LP, Compilation;2;1140655;Pop, Folk, World, & Country;Artone, Artone;25-3-2026 15:26:00;Ja
depcd 14;UB40;Labour Of Love II;1989;CD - Album, Stereo;1;11106833;Reggae;DEP International, DEP International;25-3-2026 18:51:00;Ja
Discofoon – 7070;Various;13 Hits aan de spits No.2;1969;LP;1;7852339;Pop, Brass & Military, Folk, World, & Country;Discofoon – 7070;20-3-2026 22:17:13;Ja
DM 004; ;100 Discotheek jingles;1980;LP;;5256219;Jingles; ;19-3-2026 15:30:37;Ja
dncd 1211;Various;Het Beste Uit De Top 100 Aller Tijden Volume 1;1989;CD - Compilation;1;1053819;Rock, Pop;Dino Music;25-3-2026 18:44:00;Ja
drds 1041;Tony Bennett;Tony Bennett Sings;;LP;1;2542643;Jazz;Reader's Digest;24-3-2026 13:44:07;Ja
DRDS 2531;The Blue Diamonds;Wereldsuccessen;1969;LP;;2487259;Pop, Vocal;Reader's Digest;19-3-2026 16:11:52;Ja
DRDS 2901/2/3/4;James Last;The Best Of James Last Vol. 2;1982;LP;4;15503801;Pop, Classical;Reader's Digest;24-3-2026 13:47:36;Ja
drds 3188;Elvis Presley;Elvis Sings Country Favourites;1984;LP;1;3935712;Pop, Folk, World, & Country;Reader's Digest;20-3-2026 21:49:18;Ja
drds 3370;Various;Kerstmis Door De Jaren Heen Volume 1 (Disc 1-2);1988;CD - Compilation;2;32562132;Pop, Classical;Reader's Digest Music;26-3-2026 16:24:00;Ja
DRDS 3471;Various;Great Stars And Their Greatest Songs;1990;CD - Compilation, Club Edition, Stereo;5;14769069;Jazz, Rock, Funk / Soul, Pop, Stage & Screen;Reader's Digest Music, Reader's Digest Music, Reader's Digest Music, Reader's Digest Music, Reader's Digest Music;25-3-2026 17:07:00;Ja
DRDS 9191/9198;Robert Stolz;De Wereld Van Robert Stolz;1976;LP;8;9952897;Classical;Reader's Digest;24-3-2026 13:38:29;Ja
drds 9200;Robert Stolz;Tango-Festival;;LP;1;7729841;Latin;Reader's Digest;24-3-2026 13:40:52;Ja
drds 9201;Robert Stolz;Die Schönsten Polkas Der Welt;;LP;1;5459734;Classical, Folk, World, & Country;BASF;24-3-2026 13:41:46;Ja
DRDS2971;Various;U Vraagt.... Wij Draaien;;LP;8;10407541;Pop;Reader's Digest;24-3-2026 13:51:44;Ja
drds3355;Various;25 Jaar Tophits;1988;CD - Compilation;6;23463326;Rock, Funk / Soul, Pop;Reader's Digest;25-3-2026 19:16:00;Ja
elf 15.97-g;Gerard De Vries;Teddybeer;1976;LP;;5029157;Pop, Folk, World, & Country, Vocal;Elf Provinciën;19-3-2026 13:17:45;Ja
ELF 25.32;Various;Twente Plat - Een Klein Uur Twentse Humor Met;1978;LP;1;8754081;Folk, World, & Country;Ivory Tower Records;20-3-2026 22:48:43;Ja
elf 25.33;Various;Drenthe Plat;1978;Vinyl - LP, Album, Stereo;1;9665541;Folk, World, & Country;Ivory Tower Records;25-3-2026 15:20:00;Ja
ELF 25.42;Various;Twente Plat 2;1979;LP;1;8754069;Folk, World, & Country;Ivory Tower Records;20-3-2026 22:48:23;Ja
elf 25.48;Achterhoek Plat, De Naober Oet Zöwwent, Gert Van De Stekkebeazebos, Johannus De Gladstrieker, Gatjan En Willem;Achterhoek Plat;1979;Vinyl - LP, Album;1;15839470;Non-Music, Folk, World, & Country;Ivory Tower Records;25-3-2026 14:57:00;Ja
ELF 40.07;Various;Een Weekend Met Kerstklanken;1975;LP;1;15050243;Pop;Elf Provinciën;20-3-2026 23:10:21;Ja
elk 52.206;David Gates;Falling In Love Again;1980;Vinyl - LP, Album;1;3379929;Rock, Pop;Elektra;25-3-2026 15:00:00;Ja
EMA 788;Queen;Jazz;1978;LP;;31971914;Rock, Hard Rock, Pop Rock;Portrait;19-3-2026 15:05:45;Ja
eop 95274;Various;From The Movies;0;CD - Compilation;2;2729912;Electronic, Classical, Stage & Screen;Eddy Ouwens Productions;25-3-2026 19:17:00;Ja
eop95291-3;Bill van Dijk;Het Wilhelmus;1997;CD - Single;1;6247777;Electronic, Pop, Classical, Brass & Military, Folk, World, & Country, Stage & Screen;Formido Bouwmarkten;26-3-2026 16:23:00;Ja
es 151;Kinderen voor Kinderen;Kinderen Voor Kinderen 3;1982;Vinyl - LP, Album, Stereo;1;1510047;Pop, Children's;VARAgram;25-3-2026 16:42:00;Ja
ES 93;Kinderen voor Kinderen;Kinderen Voor Kinderen;1980;Vinyl - LP, Album, Stereo;1;872542;Pop, Children's;VARAgram;25-3-2026 16:38:00;Ja
ES 98;Kinderen voor Kinderen;Kinderen Voor Kinderen 2;1981;Vinyl - LP, Album;1;1103007;Pop, Children's;VARAgram;25-3-2026 16:54:00;Ja
esc-46;Wim Kan;Oudejaarsavond 1976;1976;LP;1;35998018;Non-Music;VARAgram;20-3-2026 23:06:19;Ja
GCMG/A/173;Various;Country Magic;1987;LP;;1490230;Folk, World, & Country, Country;Reader's Digest;19-3-2026 13:08:47;Ja
GL-42937;Mario Lanza;Zijn Grootste Successen;1979;LP;2;768017;Pop;RCA;20-3-2026 19:24:54;Ja
HN4101;Creedence Clearwater Revival;Creedence Clearwater Revival;1981;LP;;1477227;Rock, Classic Rock;HEP;19-3-2026 16:01:51;Ja
holl 2245;Toon Hermans;Meer Dan Anderhalf Uur Schateren Met Neerlands Top-Cabaretiers;1976;LP;1;1469527;Non-Music, Pop;Hema;20-3-2026 23:06:46;Ja
hr 852382;Various;Disco Fever;1998;CD - Compilation;4;2573983;Electronic, Funk / Soul;Disky, Disky, Disky;25-3-2026 18:15:00;Ja
hr 853222;Various;Greatest Hits Of The 80's;1998;CD - Compilation;8;373769;Electronic, Rock, Pop;Disky;25-3-2026 19:51:00;Ja
HRD-10;Various;Golden Memories;0;Vinyl - LP, Compilation;3;613035;Rock;Curcio;25-3-2026 16:34:00;Ja
hst 20788;The Beach Boys;The Beach Boys;1967;LP;1;2516333;Rock;Capitol Records;20-3-2026 21:54:00;Ja
ILPS 9376;Bob Marley & The Wailers;Live!;1975;LP;;23581601;Reggae, Roots Reggae;Island Records;19-3-2026 15:50:29;Ja
imp 95157;Various;Douwe Egberts Wenst U Een Vrolijk Kerstfeest.;1995;CD - Compilation;1;805131;Non-Music, Pop;Impuls International, Douwe Egberts;26-3-2026 16:26:00;Ja
ISLD 11-2;Bob Marley & The Wailers;Babylon By Bus;;LP;;7566244;Reggae, Roots Reggae;Tuff Gong;19-3-2026 16:10:56;Ja
JET DP 400;Electric Light Orchestra;Out Of The Blue;;LP;;14722161;Rock, Prog Rock, Symphonic Rock;Jet Records;19-3-2026 13:29:36;Ja
JETLX 500;Electric Light Orchestra;Discovery;1979;LP;;8777753;Rock, Pop, Pop Rock, Prog Rock, Symphonic Rock;Jet Records;19-3-2026 13:33:10;Ja
JS-6134;Various;6 Days On The Road Trucker Stars;1977;LP;;8030060;Folk, World, & Country, Country;Pickwick International, Inc.;19-3-2026 15:16:34;Ja
jtwsp 920602;The Energy Makers;Lang Zullen Ze Leven! - De Feest-CD Van Duracell ;1992;CD - Mini, Single, Promo;1;7523337;Electronic, Jazz, Children's;Joost ter Waarbeek Music, Duracell (2);26-3-2026 16:24:00;Ja
K 81002 BD1/1 to K 81002 BD1/8;Various;The Sensational 70's;;LP;;7832121;Electronic, Rock, Rock & Roll, Disco, Pop Rock, Synth-pop, Classic Rock;Reader's Digest;19-3-2026 13:15:44;Ja
k82 023 dd;Various;The Best Of Country Music;0;LP;8;7723238;Folk, World, & Country;Reader's Digest;24-3-2026 17:51:56;Ja
K-BOX301;Various;The Revolution Of The 60's - 50 Great Pop Hits;1995;CD - Compilation;3;8270644;Rock, Funk / Soul, Blues, Pop;Rebeat Music;25-3-2026 18:15:00;Ja
kbox3180;Various;Popselection Of The 70's;2000;CD - Compilation, Stereo;3;26390567;Electronic, Rock, Reggae, Funk / Soul, Pop, Stage & Screen;Weton-Wesgram;25-3-2026 17:24:00;Ja
k-box335;Various;Rock The Night;1995;CD - Compilation;3;14334043;Rock, Reggae, Latin, Funk / Soul, Blues;K-Box Records;25-3-2026 18:24:00;Ja
KSP 16922;Normaal;Oerend Hard;1977;LP;;1784222;Rock;Killroy;19-3-2026 15:58:59;Ja
lsp 4550;Hot Tuna;First Pull Up, Then Pull Down;1971;Vinyl - LP, Album;1;4745454;Rock, Blues;RCA Victor, RCA Victor;25-3-2026 15:01:00;Ja
LSP 980321;Various;25 Jaar Popmuziek;1988;LP;;972803;Rock, Funk / Soul, Pop, Europop, Pop Rock, Soul, Funk;CBS Special Products;19-3-2026 15:53:22;Ja
LSP-9940;Harry Belafonte;Golden Records - Die Grossen Erfolge;1999;LP;1;7292897;Jazz, Latin, Pop;RCA Victor;20-3-2026 22:52:57;Ja
mfp 5019;John Smith And The New Sound;Rock Rock Rock;1968;LP;1;1404563;Rock;Music For Pleasure;20-3-2026 21:48:28;Ja
mlh 204;Kinderkoor De Wijsneusjes, Majel Lustenhouwer;Vrolijk Kerstfeest, Iedereen;1991;CD - Album;1;14594445;Children's;Not On Label;25-3-2026 19:13:00;Ja
mm70001;Unknown Artist;Christmas Feelings (Kerstcadeau Van Formido Bouwmarkt);1997;CD - Minimax;1;18319096;Folk, World, & Country;Formido Bouwmarkten, Formido Bouwmarkten;25-3-2026 19:12:00;Ja
MS 2118;The Beach Boys;Holland;1973;LP;;6192655;Rock, Pop Rock, Spoken Word;Reprise Records;19-3-2026 15:42:44;Ja
N.V.G.D. 2747;Various;Wereldsterren Geven Voor Leven;1974;Vinyl - LP, Compilation;1;11220641;Rock, Funk / Soul, Pop;Nederlandse Vereniging Van Grammofoon Detailhandelaren;25-3-2026 15:30:00;Ja
NC 448;Various;K-Tel's California Sun;1976;LP;;4065672;Rock, Surf, Pop Rock;K-Tel;19-3-2026 15:01:17;Ja
nk 205;George Baker Selection;River Song;1976;LP;;961641;Rock, Pop, Rock & Roll, Pop Rock;Negram;19-3-2026 13:06:38;Ja
NL 81.15;Kinderkoor "De P.P.-Tjes" Uit Goor;Geef Mij Je Hand;1981;LP;1;18217312;Pop, Children's, Folk, World, & Country;NL Grammofoonplaten;20-3-2026 22:47:35;Ja
nn1;George Baker Selection;Summer Melody;1977;Vinyl - LP, Album;1;2363389;Rock, Pop;Negram;25-3-2026 15:28:00;Ja
NZ2;Various;Alle 14 Favoriet;1977;Vinyl - LP, Compilation;1;3869775;Rock, Funk / Soul, Pop;Negram;25-3-2026 16:32:00;Ja
OM 333.269;Various;Truck-Stop Convoy;1978;LP;;9128528;Folk, World, & Country, Country;Omega International;19-3-2026 15:17:58;Ja
OMHS 3001;The Beatles;Beatles' Greatest;;LP;1;25058821;Rock;Parlophone;20-3-2026 21:33:31;Ja
onbekend;Various;30 Years Popmusic 1950-1979;1983;Vinyl - LP, Compilation;30;7607222;Jazz, Rock, Reggae, Funk / Soul, Blues, Pop, Brass & Military, Folk, World, & Country, Stage & Screen;SR International;25-3-2026 11:53:00;Ja
pd71161;New London Chorale;The Young Wolfgang Amadeus Mozart;1986;CD - Reissue;1;2006120;Pop, Classical;RCA, Ariola, Ariola, RCA;25-3-2026 17:26:00;Ja
PJL2-8024;Elvis Presley;Elvis Forever;1974;LP;;11791574;Rock, Rock & Roll, Pop Rock;RCA International;19-3-2026 14:56:14;Ja
pl 25402;Glen Campbell;Glen Campbell Live;1981;LP;;2793154;Pop, Folk, World, & Country, Country, Vocal;RCA;19-3-2026 13:18:36;Ja
PL-14259;The Kids From Fame;The Kids From Fame;1982;LP;;1519639;Electronic, Stage & Screen, Soundtrack, Musical, Synth-pop, Disco;RCA Victor;19-3-2026 15:52:32;Ja
PR 2832;Deep Purple;Stormbringer;1974;LP;;26144711;Rock, Hard Rock, Classic Rock;Warner Bros. Records;19-3-2026 13:25:41;Ja
RDA 166-A;Various;Million Dollar Memories;1972;LP;9;11200408;Jazz, Pop, Folk, World, & Country;Reader's Digest;24-3-2026 13:45:39;Ja
RDA 182 1-A;Various;Great Original Hits Of The '50s And '60s;1974;LP;9;3610215;Jazz, Rock, Funk / Soul, Pop, Classical, Folk, World, & Country, Stage & Screen;Reader's Digest;24-3-2026 13:33:43;Ja
RDES 2719;The Platters;The Platters;;LP;;4497872;Rock, Pop, Pop Rock, Ballad;Reader's Digest;19-3-2026 16:26:02;Ja
S 66012;Bob Dylan;Blonde On Blonde;;LP;;27347634;Rock, Blues, Blues Rock, Rhythm & Blues;CBS;19-3-2026 16:13:13;Ja
s 69003;Simon & Garfunkel;Simon And Garfunkel's Greatest Hits;1974;LP;1;22074841;Rock;Suzy;20-3-2026 21:58:29;Ja
SD8169;The Rascals;Once Upon A Dream;1968;LP;1;7908337;Rock, Funk / Soul;Atlantic;20-3-2026 19:31:54;Ja
SF 8308;John Denver;Rocky Mountain High;1972;LP;1;14809843;Rock, Folk, World, & Country;RCA;20-3-2026 19:33:25;Ja
SHVL 759;Deep Purple;Deep Purple;1969;LP;;9191420;Rock, Hard Rock, Beat;Harvest;19-3-2026 13:22:22;Ja
skcd 3;Kinderkoor De Belhamels;Sinterklaasliedjes;1990;CD -;1;10918564;Children's;Disky;25-3-2026 19:18:00;Ja
SLP 115;Various;16 Super Chansons;1980;LP;1;5656401;Pop;Milan;20-3-2026 21:25:12;Ja
sm 3591;The Beatles & The Rolling Stones;The Beatles & The Rolling Stones;1973;LP;;23969864;Rock, Beat, Rock & Roll;International Joker Production;19-3-2026 19:53:18;Ja
SP 136;Various;Agtut Meziek An;1974;Vinyl - LP, Album;1;14809748;Classical, Brass & Military, Folk, World, & Country;Not On Label;25-3-2026 15:22:00;Ja
SP 3647;Supertramp;Crime Of The Century;1999;LP;;2513725;Rock, Pop Rock;Speakers Corner Records;19-3-2026 15:10:56;Ja
SP 40.0479;Herman Finkers;E.H.B.O. Is Mijn Lust En Mijn Leven;1987;LP;1;5201955;Non-Music;Mirasound;20-3-2026 21:59:46;Ja
spc-3243;The Juan Morales Voices & Guitars;El Condor Pasa;1970;LP;1;9137103;Folk, World, & Country;Pickwick/33 Records;20-3-2026 21:48:55;Ja
SPR 90050;The Mamas & The Papas;Best Of The Mamas & The Papas - California Dreamin';1977;Vinyl - LP, Compilation, Stereo;1;794086;Rock, Pop;Sounds Superb, Music For Pleasure;25-3-2026 11:36:00;Ja
ST-57727;Superfly;Superfly;1982;LP;;15364799;Rock, Pop;Fonos;19-3-2026 15:15:10;Ja
starrr001;Various;The Rock 'N' Roll Generation;2001;CD - Compilation;8;6381628;Rock, Pop, Folk, World, & Country;TV Shop;25-3-2026 18:16:00;Ja
SU-1002;Rod Stewart;Rod Stewart;1982;Vinyl - LP, Compilation, Stereo;1;1812563;Rock;Armando Curcio Editore;25-3-2026 16:23:00;Ja
SYBEL 8005;Bay City Rollers;Dedication;1976;LP;1;3267280;Rock, Pop;Bell Records;20-3-2026 22:50:12;Ja
TAR 21013 Tl;Henk Wijngaard;Volle Bak;1980;Vinyl - LP, Album;1;3729847;Folk, World, & Country;Telstar (2);25-3-2026 14:46:00;Ja
TC SPR 90050;The Mamas & The Papas;Best Of The Mamas & The Papas - California Dreamin';1977;Cassette - Compilation;1;10938891;Rock, Pop;Musicway;25-3-2026 18:56:00;Ja
TMC 22030;Normaal;Ojadasawa;;LP;;31445414;Rock, Pop, Pop Rock;Killroy;19-3-2026 15:58:03;Ja
TMC 22060;Henk Wijngaard;Autobaankoorts;1982;LP;;6295353;Pop, Schlager;Telstar;19-3-2026 15:34:17;Ja
TMC 6786;Henk Wijngaard;Zingende Wielen;1978;LP;;7903869;Rock, Pop, Pop Rock, Schlager;Telstar;19-3-2026 15:33:13;Ja
TMC20016;Henk Wijngaard;Kilometervreters;1979;LP;;30005383;Rock, Pop, Pop Rock, Schlager;Telstar;19-3-2026 15:32:49;Ja
TN 101;Various;20 Flash Back Greats Of The Sixties;1974;Vinyl - LP, Compilation, Stereo;1;6889766;Rock, Pop;K-Tel;25-3-2026 14:52:00;Ja
TN 1351;Various;Beach Party;1978;Vinyl - LP, Compilation, Stereo;2;2624208;Rock;K-Tel;25-3-2026 14:48:00;Ja
TN1151;Various;Music Express;1975;LP;;21417727;Pop, Europop;K-Tel;19-3-2026 15:03:58;Ja
TPP 7528 TL;Various;16 Hollandse Hits *1*;;LP;;27893031;Pop, Folk, World, & Country, Schlager;Telstar;19-3-2026 16:06:39;Ja
tw 740220;FC Twente;Diekman-Sound;1974;LP;1;3732632;Folk, World, & Country;Vriendenkring Twente;20-3-2026 23:05:26;Ja
tycd 346;De Zonnepitten;Belle En Het Beest (Sprookjes & Liedjes);1995;CD - Album;1;21360568;Pop, Children's;Teddy (3);26-3-2026 16:07:00;Ja
tycd 350;Various;De Wolf En De Zeven Geitjes (Sprookjes & Liedjes);1995;CD - Album;1;11026816;Non-Music, Pop, Children's;Teddy (3);26-3-2026 15:44:00;Ja
uar 100;Electric Light Orchestra;Out Of The Blue;1977;Vinyl - LP, Album;2;4296949;Rock;United Artists Records;25-3-2026 14:58:00;Ja
UK 55019;Various;Dubbel Carnaval - 40 Volledige Feesthits;1975;LP;2;6607873;Pop;Uniek;20-3-2026 22:51:33;Ja
V86002VB1;Elvis Presley;The Legend Lives On;1987;LP;8;6117715;Rock, Pop, Folk, World, & Country;Reader's Digest;24-3-2026 13:56:21;Ja
VR 21796;Peter En De Pezers;Alle 16 Pikant... Wat Heet!;1981;LP;;4268283;Pop, Schlager, Parody;Coco Records;19-3-2026 16:07:26;Ja
vr 55835;Various;Popular Country (96 Pop Songs By Great Country-Stars);1981;Vinyl - LP, Compilation, Stereo;8;15976759;Folk, World, & Country;Reader's Digest;25-3-2026 15:41:00;Ja
wb 56344;Fleetwood Mac;Rumours;1981;Vinyl - LP, Album, Reissue;1;21614212;Electronic, Rock;Warner Bros. Records, Warner Bros. Records;25-3-2026;Ja
WEA 58.437;Normaal;Deurdonderen;;LP;;8724226;Rock, Pop, Pop Rock;WEA;19-3-2026 15:57:42;Ja
wspcd17034;De Gouden Nachtegaaltjes;Sinterklaas Is Jarig!;1994;CD - Reissue;1;8661457;Pop, Children's, Folk, World, & Country;Weton-Wesgram, WSP;25-3-2026;Ja
WWS-80963;Blondie;Plastic Letters;1977;LP;;4082940;Rock, New Wave, Punk, Synth-pop, Rock & Roll;Chrysalis;19-3-2026 15:47:44;Ja
test;Rolling Stones;Rolling Stones;1982;LP;;3195108;Rock, Classic Rock;Armando Curcio Editore;19-3-2026 14:58:30;Ja
